Workbook

Sheet Instructions
A1: Project Plan Instructions
A2: The project plan is meant to capture key project milestones intended to be met during the lifetime of the project. Details of the project plan will be dependent upon the scope associated with the project and may look differently if funded for the development of a plan versus construction. A project plan should be completed for each year of funding awarded. Not all projects will have a full 12 month implementation period, so please be sure to align your project plan with the funding timeline associated with your award. An example project plan is provided in the purple tab. Please review the example project plan before developing your own to ensure that your project plan is completed with all required details.The project plan template in the green tab is for planning purposes only. You will enter your project plan directly into your application via Salesforce.
A4: Project Milestones: | B4: Project milestones should be considered as key tasks needed to occur to see the project through to completion.
A5: Task Assigned to: | B5: Should include the person(s) responsible for seeing the milestone through to completion. Tasks may be assigned to the applicant agency staff and/or subcontractors that are hired to do the work.
A6: Begin by: | B6: Begin by date should be the date by which work on the milestone should begin
A7: End by: | B7: End by date should be the date by which the milestone should be met.
A8: Actual Start Date: | B8: Start date by which the task actually began.
A9: Actual End Date: | B9: End date by which the task actually ended.
A10: Task Status: | B10: Click on the cell to reveal a drop down menu with three options (Not Started, In Progress, Complete)
A11: Notes: | B11: Enter any relevant notes to the associated milestone. Notes may include steps still needed, any challenges, successes, questions, etc. Should there be any potential risks or issues encountered, please document those in the notes section for the appropriate milestone(s).

Sheet Project Plan
A1: Year 1
A2: Project Milestones | B2: Task Assigned to | C2: Begin by | D2: End by | E2: Actual Start Date | F2: Actual End Date | G2: Task Status | H2: Notes
A3: Preconstruction Tasks: Design Scope, Estimates, Relocation of Utilities, Permits | B3: Contractors, OMRF Facilities, TIHO Leadership | C3: 45999 | D3: 46252 | E3: 45999 | F3: 46252 | G3: Complete | H3: Site evaluation, surveying, civil engineering assessments, design development, supplier/contractor selection, and permitting for the Advanced Human Imaging Center already underway and will be completed by 12/31/2025.
A4: TIHO/AHIF Demo and Site Utility Construction | B4: Contractors | C4: 46174 | D4: 46234 | E4: 46237 | F4: 46295 | G4: Complete | H4: Supported by TSET funding for construction
A5: TIHO/AHIF Earthwork and Foundation | B5: Contractors | C5: 46282 | D5: 46330 | E5: 46282 | F5: n/a | G5: In Progress | H5: Supported by TSET funding for construction
A6: TIHO/AHIF Steel Structure Erection & Elevated Slabs | B6: Contractors | C6: 46331 | D6: 46386 | E6: n/a | F6: n/a | G6: Not Started | H6: Supported by TSET funding for construction
A7: TIHO - assemble internal and external advisory committees | B7: TIHO Leadership Faculty | C7: 46023 | D7: 46112 | E7: 46023 | F7: 46203 | G7: Complete
A8: TIHO - OMRF staff duties assignments | B8: TIHO Leadership Faculty | C8: 46113 | D8: 46203 | E8: 46113 | F8: 46203 | G8: Complete | H8: Supported by TSET funding for staffing including TIHO project manager, TSET Biorepository Hub Manager/Technician, CRI Hub Database Manager, CRI Hub Data Librarian/Data Analyst, and HPH: Project Manager. Funds will also be used to purchase an annual subscription for the NIH Toolbox that will be used to administer various standardized cognitive tests as well as computing storage and infrastructure.
A9: Telehealth and Distributed Trial Hub - search for and secure coordinator | B9: TIHO Leadership Faculty | C9: 46174 | D9: 46295 | E9: 46174 | F9: 46295 | G9: Complete | H9: TSET funding support for TDT Coordinator
A10: Telehealth and Distributed Trial Hub - meet with consultants to develop and implement tools for distant monitoring | B10: TSET Hubs staff | C10: 46296 | D10: 46387 | E10: 46296 | F10: n/a | G10: In Progress | H10: Supported by TSET funding Telehealth consultant costs to develop and implement tools for distant monitoring, such as thermograms, cardiac monitoring, etc. The OCTSI/OSCTR has built an Evaluation Core which provides external Evaluation for OCTSI/OSCTR Programs and has also done multiple evaluation programs for tribal facilities, the Tribal Epidemiology Unit, and other organizations. Dr. Janis Campbell is an Associate Professor at the adjacent OUHSC and she and her unit will be hired to perform evaluation services for the TIHO. The approximate $6.4M requested will finish out the 2nd and 3rd floors of the Advanced Human Imaging Center for which over $7.45M is already raised as matching funds. These renovations include all architectural and design services, site prep, contractor activitities, plumbing, electrical, technology, furniture, fixtures and equipment. Detailed bids and cost estimates are available as needed.
A11: Biorepository Hub - establish TIHO biorepository, transition samples into the TIHO biorepository, develop sample sharing processes/policies | B11: TSET Biorepository staff | C11: 46023 | D11: 46387 | E11: 46023 | F11: n/a | G11: In Progress
A12: Human Performance Hub - develop educational content | B12: TSET Human Performance Hub staff | C12: 46204 | D12: 46387 | E12: 46296 | F12: n/a | G12: In Progress
A13: Year 2
A14: Project Milestones | B14: Task Assigned to | C14: Begin by | D14: End by | E14: Actual Start Date | F14: Actual End Date | G14: Task Status | H14: Notes
A15: TIHO/AHIF Exterior Framing, Sheathing, and Waterproofing | B15: Contractors | C15: 46388 | D15: 46421 | E15: n/a | F15: n/a | G15: Not Started | H15: Supported by TSET funding for construction
A16: TIHO/AHIF Roofing | B16: Contractors | C16: 46415 | D16: 46428 | E16: n/a | F16: n/a | G16: Not Started | H16: Supported by TSET funding for construction
A17: TIHO/AHIF MEP Rough | B17: Contractors | C17: 46415 | D17: 46484 | E17: n/a | F17: n/a | G17: Not Started | H17: Supported by TSET funding for construction
A18: TIHO/AHIF Interior Framing - Majority of Building Complete | B18: Contractors | C18: 46436 | D18: 46477 | E18: n/a | F18: n/a | G18: Not Started | H18: Supported by TSET funding for construction
A19: TIHO/AHIF In-wall Rough-In | B19: Contractors | C19: 46464 | D19: 46451 | E19: n/a | F19: n/a | G19: Not Started | H19: Supported by TSET funding for construction
A20: TIHO/AHIF Exterior Veneers | B20: Contractors | C20: 46422 | D20: 46505 | E20: n/a | F20: n/a | G20: Not Started | H20: Supported by TSET funding for construction
A21: TIHO/AHIF Curtainwall and Windows | B21: Contractors | C21: 46422 | D21: 46463 | E21: n/a | F21: n/a | G21: Not Started | H21: Supported by TSET funding for construction
A22: TIHO/AHIF Sheetrock, Tape, Bed, Paint | B22: Contractors | C22: 46506 | D22: 46547 | E22: n/a | F22: n/a | G22: Not Started | H22: Supported by TSET funding for finishes
A23: TIHO/AHIF Ceilings | B23: Contractors | C23: 46548 | D23: 46568 | E23: n/a | F23: n/a | G23: Not Started | H23: Supported by TSET funding for finishes
A24: TIHO/AHIF Millwork and Flooring | B24: Contractors | C24: 46569 | D24: 46589 | E24: n/a | F24: n/a | G24: Not Started | H24: Supported by TSET funding for finishes
A25: TIHO/AHIF Final Paint and Punchlist | B25: Contractors | C25: 46590 | D25: 46610 | E25: n/a | F25: n/a | G25: Not Started | H25: Supported by TSET funding for finishes
A26: TIHO/AHIF Sitework and Canopies | B26: Contractors | C26: 46506 | D26: 46547 | E26: n/a | F26: n/a | G26: Not Started | H26: Supported by TSET funding for finishes
... A35: Recruit and onboard telehealth and mobile outreach sites | B35: TSET Hubs staff | C35: 46388 | D35: 46752 | E35: n/a | F35: n/a | G35: Not Started | H35: TSET funding will be used to support rural practice telehealth and clinical research training workshops
A36: Implement participant testing | B36: TEST Hubs staff | C36: 46388 | D36: 46752 | E36: n/a | F36: n/a | G36: Not Started
A37: Establish and launch community engagement and outreach plan | B37: TSET Hubs staff | C37: 46388 | D37: 46752 | E37: n/a | F37: n/a | G37: Not Started | H37: TSET funding will be used to support patient education programs
A38: Establish participant database | B38: TSET Hubs staff | C38: 46388 | D38: 46752 | E38: n/a | F38: n/a | G38: Not Started
A39: Year 3
A40: Project Milestones | B40: Task Assigned to | C40: Begin by | D40: End by | E40: Actual Start Date | F40: Actual End Date | G40: Task Status | H40: Notes
A41: Build healthy aging cohort | B41: TSET Hubs staff | C41: 46753 | D41: 47118 | E41: n/a | F41: n/a | G41: Not Started
A42: Conduct clinical trials | B42: TSET Hubs staff | C42: 46753 | D42: 47118 | E42: n/a | F42: n/a | G42: Not Started
A43: Continue community engagement and mobile outreach | B43: TSET Hubs staff | C43: 46753 | D43: 47118 | E43: n/a | F43: n/a | G43: Not Started | H43: TSET funding support for TDT Coordinator OCTSI Community Engagement Services (OPHIC), rural practice telehealth and clinical research training workshops and support patient education programs
A44: Conduct patient education | B44: TSET Hubs staff | C44: 46388 | D44: 47118 | E44: n/a | F44: n/a | G44: Not Started

Sheet Dashboard_Data
A1: Year | B1: Project_Type | C1: Project Milestones | D1: Task Assigned to | E1: Target Start Date | F1: Target End Date | G1: Actual Start Date | H1: Actual End Date | I1: Task Status | J1: Notes
A2: 2026 - Year 1 | B2: Construction | C2: ='Project Plan'!A3 -> Preconstruction Tasks: Design Scope, Estimates, Relocation of Utilities, Permits | D2: ='Project Plan'!B3 -> Contractors, OMRF Facilities, TIHO Leadership | E2: ='Project Plan'!C3 -> 45999 | F2: ='Project Plan'!D3 -> 46252 | G2: ='Project Plan'!E3 -> 45999 | H2: ='Project Plan'!F3 -> 46252 | I2: ='Project Plan'!G3 -> Complete | J2: ='Project Plan'!H3 -> Site evaluation, surveying, civil engineering assessments, design development, supplier/contractor selection, and permitting for the Advanced Human Imaging Center already underway and will be completed by 12/31/2025.
A3: 2026 - Year 1 | B3: Construction | C3: ='Project Plan'!A4 -> TIHO/AHIF Demo and Site Utility Construction | D3: ='Project Plan'!B4 -> Contractors | E3: ='Project Plan'!C4 -> 46174 | F3: ='Project Plan'!D4 -> 46234 | G3: ='Project Plan'!E4 -> 46237 | H3: ='Project Plan'!F4 -> 46295 | I3: ='Project Plan'!G4 -> Complete | J3: ='Project Plan'!H4 -> Supported by TSET funding for construction
A4: 2026 - Year 1 | B4: Construction | C4: ='Project Plan'!A5 -> TIHO/AHIF Earthwork and Foundation | D4: ='Project Plan'!B5 -> Contractors | E4: ='Project Plan'!C5 -> 46282 | F4: ='Project Plan'!D5 -> 46330 | G4: ='Project Plan'!E5 -> 46282 | H4: ='Project Plan'!F5 -> n/a | I4: ='Project Plan'!G5 -> In Progress | J4: ='Project Plan'!H5 -> Supported by TSET funding for construction
A5: 2026 - Year 1 | B5: Construction | C5: ='Project Plan'!A6 -> TIHO/AHIF Steel Structure Erection & Elevated Slabs | D5: ='Project Plan'!B6 -> Contractors | E5: ='Project Plan'!C6 -> 46331 | F5: ='Project Plan'!D6 -> 46386 | G5: ='Project Plan'!E6 -> n/a | H5: ='Project Plan'!F6 -> n/a | I5: ='Project Plan'!G6 -> Not Started | J5: ='Project Plan'!H6 -> Supported by TSET funding for construction
A6: 2026 - Year 1 | B6: Administrative | C6: ='Project Plan'!A7 -> TIHO - assemble internal and external advisory committees | D6: ='Project Plan'!B7 -> TIHO Leadership Faculty | E6: ='Project Plan'!C7 -> 46023 | F6: ='Project Plan'!D7 -> 46112 | G6: ='Project Plan'!E7 -> 46023 | H6: ='Project Plan'!F7 -> 46203 | I6: ='Project Plan'!G7 -> Complete | J6: ='Project Plan'!H7 -> 0
A7: 2026 - Year 1 | B7: Administrative | C7: ='Project Plan'!A8 -> TIHO - OMRF staff duties assignments | D7: ='Project Plan'!B8 -> TIHO Leadership Faculty | E7: ='Project Plan'!C8 -> 46113 | F7: ='Project Plan'!D8 -> 46203 | G7: ='Project Plan'!E8 -> 46113 | H7: ='Project Plan'!F8 -> 46203 | I7: ='Project Plan'!G8 -> Complete | J7: ='Project Plan'!H8 -> Supported by TSET funding for staffing including TIHO project manager, TSET Biorepository Hub Manager/Technician, CRI Hub Database Manager, CRI Hub Data Librarian/Data Analyst, and HPH: Project Manager. Funds will also be used to purchase an annual subscription for the NIH Toolbox that will be used to administer various standardized cognitive tests as well as computing storage and infrastructure.
A8: 2026 - Year 1 | B8: Administrative | C8: ='Project Plan'!A9 -> Telehealth and Distributed Trial Hub - search for and secure coordinator | D8: ='Project Plan'!B9 -> TIHO Leadership Faculty | E8: ='Project Plan'!C9 -> 46174 | F8: ='Project Plan'!D9 -> 46295 | G8: ='Project Plan'!E9 -> 46174 | H8: ='Project Plan'!F9 -> 46295 | I8: ='Project Plan'!G9 -> Complete | J8: ='Project Plan'!H9 -> TSET funding support for TDT Coordinator
A9: 2026 - Year 1 | B9: Administrative | C9: ='Project Plan'!A10 -> Telehealth and Distributed Trial Hub - meet with consultants to develop and implement tools for distant monitoring | D9: ='Project Plan'!B10 -> TSET Hubs staff | E9: ='Project Plan'!C10 -> 46296 | F9: ='Project Plan'!D10 -> 46387 | G9: ='Project Plan'!E10 -> 46296 | H9: ='Project Plan'!F10 -> n/a | I9: ='Project Plan'!G10 -> In Progress | J9: ='Project Plan'!H10 -> Supported by TSET funding Telehealth consultant costs to develop and implement tools for distant monitoring, such as thermograms, cardiac monitoring, etc. The OCTSI/OSCTR has built an Evaluation Core which provides external Evaluation for OCTSI/OSCTR Programs and has also done multiple evaluation programs for tribal facilities, the Tribal Epidemiology Unit, and other organizations. Dr. Janis Campbell is an Associate Professor at the adjacent OUHSC and she and her unit will be hired to perform evaluation services for the TIHO. The approximate $6.4M requested will finish out the 2nd and 3rd floors of the Advanced Human Imaging Center for which over $7.45M is already raised as matching funds. These renovations include all architectural and design services, site prep, contractor activitities, plumbing, electrical, technology, furniture, fixtures and equipment. Detailed bids and cost estimates are available as needed.
A10: 2026 - Year 1 | B10: Administrative | C10: ='Project Plan'!A11 -> Biorepository Hub - establish TIHO biorepository, transition samples into the TIHO biorepository, develop sample sharing processes/policies | D10: ='Project Plan'!B11 -> TSET Biorepository staff | E10: ='Project Plan'!C11 -> 46023 | F10: ='Project Plan'!D11 -> 46387 | G10: ='Project Plan'!E11 -> 46023 | H10: ='Project Plan'!F11 -> n/a | I10: ='Project Plan'!G11 -> In Progress | J10: ='Project Plan'!H11 -> 0
A11: 2026 - Year 1 | B11: Administrative | C11: ='Project Plan'!A12 -> Human Performance Hub - develop educational content | D11: ='Project Plan'!B12 -> TSET Human Performance Hub staff | E11: ='Project Plan'!C12 -> 46204 | F11: ='Project Plan'!D12 -> 46387 | G11: ='Project Plan'!E12 -> 46296 | H11: ='Project Plan'!F12 -> n/a | I11: ='Project Plan'!G12 -> In Progress | J11: ='Project Plan'!H12 -> 0
A12: 2027 - Year 2 | B12: Construction | C12: ='Project Plan'!A15 -> TIHO/AHIF Exterior Framing, Sheathing, and Waterproofing | D12: ='Project Plan'!B15 -> Contractors | E12: ='Project Plan'!C15 -> 46388 | F12: ='Project Plan'!D15 -> 46421 | G12: ='Project Plan'!E15 -> n/a | H12: ='Project Plan'!F15 -> n/a | I12: ='Project Plan'!G15 -> Not Started | J12: ='Project Plan'!H15 -> Supported by TSET funding for construction
A13: 2027 - Year 2 | B13: Construction | C13: ='Project Plan'!A16 -> TIHO/AHIF Roofing | D13: ='Project Plan'!B16 -> Contractors | E13: ='Project Plan'!C16 -> 46415 | F13: ='Project Plan'!D16 -> 46428 | G13: ='Project Plan'!E16 -> n/a | H13: ='Project Plan'!F16 -> n/a | I13: ='Project Plan'!G16 -> Not Started | J13: ='Project Plan'!H16 -> Supported by TSET funding for construction
A14: 2027 - Year 2 | B14: Construction | C14: ='Project Plan'!A17 -> TIHO/AHIF MEP Rough | D14: ='Project Plan'!B17 -> Contractors | E14: ='Project Plan'!C17 -> 46415 | F14: ='Project Plan'!D17 -> 46484 | G14: ='Project Plan'!E17 -> n/a | H14: ='Project Plan'!F17 -> n/a | I14: ='Project Plan'!G17 -> Not Started | J14: ='Project Plan'!H17 -> Supported by TSET funding for construction
A15: 2027 - Year 2 | B15: Construction | C15: ='Project Plan'!A18 -> TIHO/AHIF Interior Framing - Majority of Building Complete | D15: ='Project Plan'!B18 -> Contractors | E15: ='Project Plan'!C18 -> 46436 | F15: ='Project Plan'!D18 -> 46477 | G15: ='Project Plan'!E18 -> n/a | H15: ='Project Plan'!F18 -> n/a | I15: ='Project Plan'!G18 -> Not Started | J15: ='Project Plan'!H18 -> Supported by TSET funding for construction
A16: 2027 - Year 2 | B16: Construction | C16: ='Project Plan'!A19 -> TIHO/AHIF In-wall Rough-In | D16: ='Project Plan'!B19 -> Contractors | E16: ='Project Plan'!C19 -> 46464 | F16: ='Project Plan'!D19 -> 46451 | G16: ='Project Plan'!E19 -> n/a | H16: ='Project Plan'!F19 -> n/a | I16: ='Project Plan'!G19 -> Not Started | J16: ='Project Plan'!H19 -> Supported by TSET funding for construction
A17: 2027 - Year 2 | B17: Construction | C17: ='Project Plan'!A20 -> TIHO/AHIF Exterior Veneers | D17: ='Project Plan'!B20 -> Contractors | E17: ='Project Plan'!C20 -> 46422 | F17: ='Project Plan'!D20 -> 46505 | G17: ='Project Plan'!E20 -> n/a | H17: ='Project Plan'!F20 -> n/a | I17: ='Project Plan'!G20 -> Not Started | J17: ='Project Plan'!H20 -> Supported by TSET funding for construction
A18: 2027 - Year 2 | B18: Construction | C18: ='Project Plan'!A21 -> TIHO/AHIF Curtainwall and Windows | D18: ='Project Plan'!B21 -> Contractors | E18: ='Project Plan'!C21 -> 46422 | F18: ='Project Plan'!D21 -> 46463 | G18: ='Project Plan'!E21 -> n/a | H18: ='Project Plan'!F21 -> n/a | I18: ='Project Plan'!G21 -> Not Started | J18: ='Project Plan'!H21 -> Supported by TSET funding for construction
A19: 2027 - Year 2 | B19: Construction | C19: ='Project Plan'!A22 -> TIHO/AHIF Sheetrock, Tape, Bed, Paint | D19: ='Project Plan'!B22 -> Contractors | E19: ='Project Plan'!C22 -> 46506 | F19: ='Project Plan'!D22 -> 46547 | G19: ='Project Plan'!E22 -> n/a | H19: ='Project Plan'!F22 -> n/a | I19: ='Project Plan'!G22 -> Not Started | J19: ='Project Plan'!H22 -> Supported by TSET funding for finishes
A20: 2027 - Year 2 | B20: Construction | C20: ='Project Plan'!A23 -> TIHO/AHIF Ceilings | D20: ='Project Plan'!B23 -> Contractors | E20: ='Project Plan'!C23 -> 46548 | F20: ='Project Plan'!D23 -> 46568 | G20: ='Project Plan'!E23 -> n/a | H20: ='Project Plan'!F23 -> n/a | I20: ='Project Plan'!G23 -> Not Started | J20: ='Project Plan'!H23 -> Supported by TSET funding for finishes
A21: 2027 - Year 2 | B21: Construction | C21: ='Project Plan'!A24 -> TIHO/AHIF Millwork and Flooring | D21: ='Project Plan'!B24 -> Contractors | E21: ='Project Plan'!C24 -> 46569 | F21: ='Project Plan'!D24 -> 46589 | G21: ='Project Plan'!E24 -> n/a | H21: ='Project Plan'!F24 -> n/a | I21: ='Project Plan'!G24 -> Not Started | J21: ='Project Plan'!H24 -> Supported by TSET funding for finishes
A22: 2027 - Year 2 | B22: Construction | C22: ='Project Plan'!A25 -> TIHO/AHIF Final Paint and Punchlist | D22: ='Project Plan'!B25 -> Contractors | E22: ='Project Plan'!C25 -> 46590 | F22: ='Project Plan'!D25 -> 46610 | G22: ='Project Plan'!E25 -> n/a | H22: ='Project Plan'!F25 -> n/a | I22: ='Project Plan'!G25 -> Not Started | J22: ='Project Plan'!H25 -> Supported by TSET funding for finishes
A23: 2027 - Year 2 | B23: Construction | C23: ='Project Plan'!A26 -> TIHO/AHIF Sitework and Canopies | D23: ='Project Plan'!B26 -> Contractors | E23: ='Project Plan'!C26 -> 46506 | F23: ='Project Plan'!D26 -> 46547 | G23: ='Project Plan'!E26 -> n/a | H23: ='Project Plan'!F26 -> n/a | I23: ='Project Plan'!G26 -> Not Started | J23: ='Project Plan'!H26 -> Supported by TSET funding for finishes
... A35: 2027 - Year 2 | B35: Administrative | C35: ='Project Plan'!A38 -> Establish participant database | D35: ='Project Plan'!B38 -> TSET Hubs staff | E35: ='Project Plan'!C38 -> 46388 | F35: ='Project Plan'!D38 -> 46752 | G35: ='Project Plan'!E38 -> n/a | H35: ='Project Plan'!F38 -> n/a | I35: ='Project Plan'!G38 -> Not Started | J35: ='Project Plan'!H38 -> 0
A36: 2028 - Year 3 | B36: Administrative | C36: {='Project Plan'!A41:A44} -> Build healthy aging cohort | D36: {='Project Plan'!B41:B44} -> TSET Hubs staff | E36: {='Project Plan'!C41:C44} -> 46753 | F36: {='Project Plan'!D41:D44} -> 47118 | G36: {='Project Plan'!E41:E44} -> n/a | H36: {='Project Plan'!F41:F44} -> n/a | I36: {='Project Plan'!G41:G44} -> Not Started | J36: {='Project Plan'!H41:H44} -> 0
A37: 2028 - Year 3 | B37: Administrative | C37: Conduct clinical trials | D37: TSET Hubs staff | E37: 46753 | F37: 47118 | G37: n/a | H37: n/a | I37: Not Started | J37: 0
A38: 2028 - Year 3 | B38: Administrative | C38: Continue community engagement and mobile outreach | D38: TSET Hubs staff | E38: 46753 | F38: 47118 | G38: n/a | H38: n/a | I38: Not Started | J38: TSET funding support for TDT Coordinator OCTSI Community Engagement Services (OPHIC), rural practice telehealth and clinical research training workshops and support patient education programs
A39: 2028 - Year 3 | B39: Administrative | C39: Conduct patient education | D39: TSET Hubs staff | E39: 46388 | F39: 47118 | G39: n/a | H39: n/a | I39: Not Started | J39: 0
